claim_id,claim,theorem_or_lemma,proof_or_checker,source_or_test,experiment,figure_or_table,raw_result,maturity,fresh_recheck,limitation
T1,Allocation equivalence is sufficient for equal exact observations under every well-typed continuation,Theorem 3.5; Lemmas 3.1-3.4,proofs/full_abstraction.md Sections 3-4,proofs/semantics.md,not applicable,Paper Section 3,not applicable,proved on the declared mathematical model,paper proof and normative semantics reconciled after final campaign,No C/LLVM or executable-interpreter correspondence
T2,"Allocation equivalence is necessary for universal switching, and every violation has a distinguishing continuation of at most two commands",Lemma 3.6; Theorem 3.7,proofs/full_abstraction.md Section 5,src/contextual.py; src/check_full_abstraction.py,finite full-abstraction witness audit,Paper Section 3; Table 7,results/full_abstraction_check.json,proved plus finite-checked implementation witness basis,"1,299 ordered pairs checked in retained final run",Finite audit does not replace the general paper proof
T3,A prefix ending at the first NUL is not a universal switching relation,Constructive counterexample following Theorem 3.7,proofs/full_abstraction.md Section 6,"owned states [0,x,0] and overwrite-then-length continuation",primitive oracle; C062/C135 families,Paper Figure 2,results/primitive_oracle.json; results/branch_cases.csv,proved counterexample plus retained finite instances,negative tail example present in final result and paper,Not an allegation of a defect in an external engine
T4,Every byte question in the continuation-specific protocol concerns an input origin or a program literal,Lemma 5.1,proofs/arguments.md Section 2,proofs/semantics.md; src/branch_producer.py; src/branch_replay.py,not applicable,Paper Lemma 5.1,not applicable,proved on the declared grammar,"byte/scalar boundary rechecked in semantics, code, and paper",Fails if scalar-to-byte casts or new symbolic byte expressions are added
T5,A satisfiable finite unary/equality/order region has an exact deterministic least assignment,Lemmas 4.1-4.3,proofs/arguments.md Section 2,src/order_domain.py; independent region code in src/branch_replay.py,regional brute-force cross-check,Paper Section 4; Table 2,results/region_crosscheck.json,proved plus finite-checked,"384 instances and 11,292 assignments retained","Finite cross-check covers alphabet 0-3, not every 256-value region"
T6,Completed branch leaves are outcome-uniform and feasible children form a disjoint exhaustive partition,Lemmas 5.2 and Theorem 5.3,proofs/arguments.md Sections 3-4,src/branch_producer.py; src/branch_replay.py,166 complete certificate replays,Paper Section 5; Figure 4,results/final_reproduction.json,proved conditionally plus measured replay,all retained trees traversed and summaries reconciled,Conditional on the declared operational semantics and trusted Python replayer
T7,An accepted complete certificate establishes exact-outcome equivalence or the lexicographically least exact disagreement,Theorem 5.3; Corollary 5.5,proofs/arguments.md Section 4,src/branch_replay.py,166 complete certificate replays,Paper Section 5; Table 3,results/branch_cases.csv; certificates/branch/C001.json-C166.json,conditional theorem plus retained replay evidence,certificate-derived totals rechecked by inspect_packet.py,No claim for a partial tree or cap-exhausted case
T8,The same accepted tree separately decides accepting-input equality and each side's SAT status,Corollary 5.4,proofs/arguments.md Section 4,src/branch_replay.py,166 complete certificate replays,Paper Section 5; Appendix J,results/branch_cases.csv,conditional theorem plus retained replay evidence,acceptance and SAT summaries reconciled after final run,These quotients are weaker than exact outcomes and must not be promoted
T9,"Exact outcomes imply accepting-set equality, which implies equal SAT status, and neither converse holds",Proposition J.1,paper Appendix J,"retained cases C062, C073, and C135",completed certificate campaign,Paper Table 13,results/branch_cases.csv,proved implication chain plus finite strictness witnesses,case rows and certificates rechecked,Strictness witnesses are within the declared bounded language
T10,The weighted order-pattern baseline transports primitive results and gives exact class weights and minima,Propositions 6.1-6.2,paper Section 6; proofs/arguments.md,src/primitive_oracle.py,two-byte exhaustive primitive oracle,Paper Section 6; Table 2,results/primitive_oracle.json,proved baseline plus exhaustive selected oracle,"65,536 assignments and 20 canonical rows retained",Only the selected primitive composition; not the adaptive certificate algorithm
T11,"Without operational caps, the finite branch procedure terminates and decides an admitted paired case",Appendix H termination and completeness argument,proofs/arguments.md Section 5; paper Appendix H,mathematical finite-tree construction,not applicable,Paper Appendix H,not applicable,proved on the uncapped abstract procedure,argument checked after final C167 negative control,Worst-case bound is exponential; delivered implementation has caps
T12,Operational cap exhaustion yields UNKNOWN and no semantic verdict,Appendix H operational policy,proofs/arguments.md Sections 5-6,run_fanout_control.py; src/branch_producer.py,C167 node-cap control,Paper Section 7; Appendix H,results/fanout_control.json,proved policy plus measured negative instance,C167 result rechecked as unknown_resource_exhaustion,"No equivalence, difference, acceptance, SAT, or minimum-witness conclusion for C167"
E1,The final campaign materialized exactly 167 deterministic owned case schemas,not applicable,reproduce.py; src/make_cases.py; src/make_large_cases.py,cases/C001.json-C167.json,final case-regeneration comparison,Paper Appendix I,results/final_reproduction.json,measured structural equality,inspect_packet.py rechecked exact C001-C167 set,Synthetic schemas only
E2,"The original campaign retained and replayed exactly 166 complete certificates C001-C166 and matched all expected labels; the continuation audit freshly replayed C001-C165 and recomputed every stored leaf minimum; a final clean-extract stratified pass replayed C061, C062, C065, C162, and C163",not applicable,reproduce.py; src/branch_replay.py; src/final_audit.py; src/final_clean_extract_audit.py,cases/C001.json-C166.json; certificates/branch/C001.json-C166.json,"original certificate campaign, budget-closing continuation audit, and final clean-extract stratified replay",Paper Table 3; Table 5; Appendix retained-case distribution,results/final_reproduction.json; results/branch_cases.csv; results/final_continuation_audit.json; results/final_clean_extract_audit.json,"original full retained replay plus fresh broad replay, independent concrete leaf recheck, and final clean-extract stratified replay","165 certificates freshly replayed; all 6,281 stored leaf minima concretely rechecked; five predeclared boundary certificates replayed from a clean extraction","C166 was not fully replayed a second time because doing so would exceed the 100,000-obligation ceiling; the five-case clean replay is stratified, not a second full campaign"
E3,"The 166 completed certificates contain 9,986 nodes, 6,281 leaves, 1,281 closed infeasible branches, and 1,243,986 serialized bytes",not applicable,inspect_packet.py structural recomputation,certificates/branch/C001.json-C166.json,final certificate campaign,Paper Table 3; Table 10,results/final_reproduction.json,measured and structurally recomputed,fresh static packet inspection,Synthetic case distribution is highly concentrated; C166 dominates nodes and bytes
E4,The completed cases comprise 150 exact-outcome equivalences and 16 checked differences,not applicable,src/branch_replay.py; inspect_packet.py,certificates/branch/C001.json-C166.json,final certificate campaign,Paper Table 3; Table 9,results/branch_cases.csv,measured and replayed,fresh certificate/CSV consistency check,"Expected labels were authored case metadata, not held-out statistical labels"
E5,"The primitive oracle evaluated all 65,536 assignments to two bytes, formed 20 canonical patterns, and observed zero selected semantic or transport mismatches",not applicable,src/primitive_oracle.py,owned two-byte primitive schema,final primitive oracle,Paper Table 2,results/primitive_oracle.json,finite-checked,result JSON parsed and reconciled,No per-input trace retained; no inference to arbitrary programs
E6,"The full-abstraction witness audit checked 1,299 ordered pairs over 36 generated valid states; every relation failure was distinguished within two commands, and the complete audit passed again in the continuation run",not applicable,src/check_full_abstraction.py,36 generated valid states,original and continuation finite witness audits,Paper Table 2; Table 5,results/full_abstraction_check.json; results/final_continuation_audit.json,finite-checked,"the same 1,299 ordered pairs were rerun in the budget-closing continuation audit",Small constructed family; general claim rests on paper proof
E7,Producer-side and replayer-side region algorithms matched brute force on the original 384 four-value instances and on 320 fresh-seed instances,not applicable,src/check_regions.py,"seed 20260915, 384 instances; seed 20260916, 320 instances; alphabet 0-3",original and fresh regional cross-checks,Paper Table 2; Table 5,results/region_crosscheck.json; results/final_continuation_audit.json,finite-checked,"320/320 fresh instances matched; 9,872 assignments and 4,889 relation checks",Does not prove arbitrary Python execution or full-byte-space implementation correctness
E8,All 18 targeted certificate and parser mutations were rejected in both the original suite and the continuation audit,not applicable,src/check_mutations.py,C001 seed certificate and malformed JSON inputs,original and fresh mutation suites,Paper Table 4; Table 5; mutation matrix,results/mutation_suite.json; results/final_continuation_audit.json,finite-checked negative controls,all 18 attacks were rerun and rejected,Not exhaustive parser hardening or denial-of-service security testing
E9,"C167 returned unknown_resource_exhaustion at the 6,000-node cap after 6,055 producer regional calls",not applicable,run_fanout_control.py,cases/C167.json,formal fanout negative control,Paper Section 7; Appendix I,results/fanout_control.json,measured negative result,embedded and standalone result records reconciled,No completed certificate and no semantic verdict
R1,"The cumulative campaign count is 99,999 of 100,000 obligations, leaving 1, under the frozen counting rule",not applicable,reproduce.py; run_fanout_control.py; src/final_audit.py; src/final_clean_extract_audit.py; inspect_packet.py,results/resource_accounting.csv; retained clean-extract certificates,cumulative resource reconciliation including continuation and final clean-extract audits,Paper resource table; phase accounting table,results/resource_accounting.csv; results/final_reproduction.json; results/final_continuation_audit.json; results/final_clean_extract_audit.json,measured and reconciled,"fresh CSV sum, JSON equality, continuation-history checks, and final clean-extract audit checks",Direct concrete assignments are separate; repeated work is not deduplicated; one remaining obligation cannot fund any meaningful fresh semantic replay
R2,"Direct concrete assignment checks total 650,557: 92,810 historical, 77,050 original-final, and 480,697 continuation checks",not applicable,resource-accounting rule; src/final_audit.py; inspect_packet.py,results/resource_accounting.csv,cumulative accounting including exhaustive continuation checks,Paper resource table; continuation-audit table; phase accounting table,results/resource_accounting.csv; results/final_reproduction.json; results/final_continuation_audit.json,measured/reclassified accounting with independently reconciled totals,CSV direct total and continuation assignment total checked,"The 650,557 figure counts assignments, not the larger number of individual program executions or solver calls"
R3,"Retained scientific runs used one worker, 34.187 aggregate process CPU seconds, and peak RSS 121,460 KiB",not applicable,"resource wrappers in reproduce.py, run_fanout_control.py, src/final_audit.py, and src/final_clean_extract_audit.py","original final processes, continuation audit, and final clean-extract audit",resource measurement,Paper resource table; continuation-audit table; phase accounting table,results/final_reproduction.json; results/final_continuation_audit.json; results/final_clean_extract_audit.json,measured; aggregate CPU is 21.192 + 12.685 + 0.310 seconds and peak RSS is the maximum,"retained process measurements, final clean-extract resource record, and aggregate arithmetic checked","Process-level observation in this environment; no portability, throughput, or speed claim"
B1,"No C, libc, LLVM, pointer-provenance, or undefined-behavior correspondence is established",not applicable,scope declaration,proofs/semantics.md,not applicable,Paper Sections 3 and 8; Appendix L,results/final_reproduction.json,explicit non-claim,"rechecked in abstract, conclusion, README, and state",External use must not imply C-level soundness
B2,No SMT-LIB string/bitvector translation correspondence or external solver result is established,not applicable,scope declaration,proofs/semantics.md; external_resources.csv,not applicable,Paper Sections 3 and 8; Appendix L,results/final_reproduction.json,explicit non-claim,"rechecked in abstract, conclusion, README, and state",Artifact uses no external SMT solver
B3,"The general proofs are ordinary mathematical arguments, not proof-assistant mechanization",not applicable,scope declaration,proofs/full_abstraction.md; proofs/arguments.md,not applicable,Paper abstract; Sections 1 and 8,results/final_reproduction.json,explicit maturity boundary,rechecked throughout final manuscript,Python implementation and paper semantics remain in the trust base
B4,"No real-program workload breadth, solver-performance dominance, deployed safety, parser-service security, independent human review, or publication acceptance is claimed",not applicable,scope and provenance declarations,README.md; CURRENT-STATE.md,not applicable,Paper Sections 7-9,not applicable,explicit non-claim,final packet review,Owned synthetic cases and internal research draft only
E10,"The budget-closing continuation audit added 8,608 counted obligations and 480,697 direct assignment checks, freshly replayed C001-C165, recomputed all 6,281 leaf minima, and rejected all 18 mutations",not applicable,src/final_audit.py; inspect_packet.py,"retained cases, certificates, fresh region seed 20260916",budget-closing continuation audit,Paper Table 5; resource table,results/final_continuation_audit.json,measured and reconciled continuation evidence,"embedded continuation JSON, resource CSV, and packet inspector agree",C166 full regional replay was excluded from the fresh pass to stay below the hard ceiling; direct leaf and sample checks do not replace it
E11,"A predeclared final clean-extract stratified replay accepted five representative retained certificates spanning both verdicts, a tail-view difference, a signed-order difference, a 32-byte feasibility difference, and an eight-byte equivalence",not applicable,src/final_clean_extract_audit.py; src/branch_replay.py; inspect_packet.py,"certificates/branch/C061.json, C062.json, C065.json, C162.json, C163.json from a clean extracted candidate archive",final clean-extract stratified certificate replay,Paper resource table; phase accounting table; evidence summary,results/final_clean_extract_audit.json; results/final_reproduction.json; results/resource_accounting.csv,measured and reconciled final clean-extract evidence,5/5 certificates accepted using 299 replayer region calls and 5 top-level checks; verdicts and minima matched retained statements,304 obligations; not a second full-campaign reproduction; C166 remains supported by the retained original full replay and C167 remains UNKNOWN
L1,"The manuscript bibliography contains 48 unique entries, every entry is cited, and each has a DOI or official proceedings URL plus a recorded verification scope and role",not applicable,paper build; inspect_packet.py; results/reference_integrity_audit.json,paper/references.bib; results/reference_audit.csv,bibliographic structural and metadata audit,Paper related-work section and bibliography,results/reference_audit.csv; results/reference_integrity_audit.json,bibliographic metadata checked; selected closest and foundational works substantively read,"48 unique audit rows, all marked cited, 45 DOI entries and 3 official-proceedings URLs; retained scopes remain 20 substantive-section and 28 metadata/proceedings checks",Metadata audit is not an independent systematic review and does not imply every paper was read cover-to-cover
